{"name":"t:sections.footer.name","type":"footer","sections":{"footer":{"type":"footer","blocks":{"fc645871-d789-4cfa-8584-4f8a29b6ce92":{"type":"image","disabled":true,"settings":{"image_width":140,"alignment":"center","url":"","width_desktop":4,"width_mobile":"2"}},"1c647602-cc00-4009-a058-976435c8ee9e":{"type":"link_list","disabled":true,"settings":{"heading":"Información","menu":"footer","width_desktop":6,"width_mobile":"1"}},"24f208fd-0898-43eb-af23-d74f8420ab37":{"type":"email_signup","disabled":true,"settings":{"heading":"Subscribe to our email","subtext":"<p>Join our newsletter for access <br\/>to special deals, sneakpeaks and exclusive benefits.<\/p>","button_type":"solid","button_label":"Sign up","button_style_secondary":false,"width_desktop":4,"width_mobile":"2"}},"text_7EbUFm":{"type":"text","disabled":true,"settings":{"heading":"Central de atención al cliente","subtext":"<p><strong>Email: <\/strong>onecommerce92@gmail.com<br\/><strong>WhatsApp Colombia:<\/strong> +57 324 6351943<\/p>","width_desktop":6,"width_mobile":"2"}}},"block_order":["fc645871-d789-4cfa-8584-4f8a29b6ce92","1c647602-cc00-4009-a058-976435c8ee9e","24f208fd-0898-43eb-af23-d74f8420ab37","text_7EbUFm"],"settings":{"color_scheme":"background-2","enable_follow_on_shop":false,"show_social":false,"enable_country_selector":false,"enable_language_selector":true,"payment_enable":false,"enabled_payment_types":"visa,master,diners_club,american_express,maestro","show_policy":true,"branding_text":"Powered by Shrine","margin_top":0,"padding_top":4,"padding_bottom":20}}},"order":["footer"]}