{"name":"t:sections.header.name","type":"header","sections":{"2c2ec774-3430-481f-b927-e9c035b9d24e":{"type":"horizontal-ticker","blocks":{"sections--18060430639399__2c2ec774-3430-481f-b927-e9c035b9d24e-1679250655d32e639c-0":{"type":"text","settings":{"title":"Free Shipping for orders over $40"}},"sections--18060430639399__2c2ec774-3430-481f-b927-e9c035b9d24e-1679250655d32e639c-1":{"type":"text","disabled":true,"settings":{"title":"NEW YEAR SALE"}},"sections--18060430639399__2c2ec774-3430-481f-b927-e9c035b9d24e-1679250655d32e639c-2":{"type":"text","disabled":true,"settings":{"title":"USE CODE FREE FOR 20% OFF!"}}},"block_order":["sections--18060430639399__2c2ec774-3430-481f-b927-e9c035b9d24e-1679250655d32e639c-0","sections--18060430639399__2c2ec774-3430-481f-b927-e9c035b9d24e-1679250655d32e639c-1","sections--18060430639399__2c2ec774-3430-481f-b927-e9c035b9d24e-1679250655d32e639c-2"],"disabled":true,"settings":{"visibility":"always-display","speed":1,"mobile_spacing":60,"desktop_spacing":100,"color_scheme":"accent-1","mobile_text_size":15,"desktop_text_size":18,"italic_text":false,"uppercase_text":false,"bold_text":false,"mobile_image_height":10,"desktop_image_height":40,"mobile_padding_top":12,"mobile_padding_bottom":12,"desktop_padding_top":16,"desktop_padding_bottom":16}},"header":{"type":"header","settings":{"sticky_header_type":"on-scroll-up","show_line_separator":true,"color_scheme":"background-2","logo_position":"top-center","menu":"main-menu","highlight_active_link":true,"highlighted_link_color_scheme":"accent-2","products_mega_menu_links":"","products_mega_menu_display_collection_products":true,"products_mega_menu_display_collection_images":true,"products_mega_menu_display_collection_images_on_mobile":true,"mobile_menu_title":"Menu","secondary_menu":"","menu_color_scheme":"background-2","mobile_logo_position":"center","display_search":true,"margin_bottom":0,"padding_top":8,"padding_bottom":8}},"custom_liquid_GmdbUp":{"type":"custom-liquid","disabled":true,"settings":{"display_id":false,"visibility":"always-display","custom_liquid":"<div class=\"ultimate-badges\"><\/div>","color_scheme":"background-1","padding_top":40,"padding_bottom":52}},"fe1c8c67-b84c-4466-a515-70df3134c1c0":{"type":"announcement-bar","blocks":{"sections--21450414096679__fe1c8c67-b84c-4466-a515-70df3134c1c0-announcement-1":{"type":"announcement","settings":{"text":"🚚 <strong>ENVÍOS GRATIS Y PAGAS AL RECIBIR<\/strong>🤝","text_alignment":"center","mobile_text_size":12,"desktop_text_size":13,"icon":"","filled_icon":false,"mobile_icon_size":20,"desktop_icon_size":26,"desktop_layout":"horizontal","mobile_layout":"horizontal","hidden_products":"","enable_specific_display":false,"displayed_products":""}},"announcement_bWexya":{"type":"announcement","settings":{"text":"🏪<strong>TIENDA OFICIAL<\/strong>","text_alignment":"center","mobile_text_size":12,"desktop_text_size":13,"icon":"","filled_icon":false,"mobile_icon_size":20,"desktop_icon_size":26,"desktop_layout":"horizontal","mobile_layout":"horizontal","hidden_products":"","enable_specific_display":false,"displayed_products":""}}},"block_order":["sections--21450414096679__fe1c8c67-b84c-4466-a515-70df3134c1c0-announcement-1","announcement_bWexya"],"settings":{"columns_desktop":0,"columns_mobile":1,"desktop_spacing":12,"mobile_spacing":2,"show_separator":false,"color_scheme":"accent-1","slider_mobile":true,"slider_desktop":false,"type":"loop","autoplay":true,"autoplay_speed":1,"padding_top":6,"padding_bottom":6}}},"order":["2c2ec774-3430-481f-b927-e9c035b9d24e","header","custom_liquid_GmdbUp","fe1c8c67-b84c-4466-a515-70df3134c1c0"]}