{"sections":{"cart-items":{"type":"main-cart-items","settings":{"padding_top":0,"padding_bottom":20}},"cart-footer":{"type":"main-cart-footer","blocks":{"dec6ac13-eef3-4b4c-900a-e550eb977500":{"type":"discount_field","settings":{"placeholder":"Enter discount code","btn_label":"ADD","error_msg":"Please enter a discount code!"}},"subtotal":{"type":"subtotal","settings":{}},"buttons":{"type":"buttons","settings":{}}},"block_order":["dec6ac13-eef3-4b4c-900a-e550eb977500","subtotal","buttons"],"settings":{}},"featured-collection":{"type":"featured-collection","settings":{"display_id":false,"visibility":"always-display","title":"You may also like","heading_size":"h2","description":"","show_description":false,"description_style":"body","collection":"all","products_to_show":4,"columns_desktop":4,"full_width":false,"show_view_all":true,"view_all_style":"solid","enable_desktop_slider":false,"color_scheme":"background-1","image_ratio":"square","show_secondary_image":false,"show_vendor":false,"show_rating":false,"enable_quick_add":false,"columns_mobile":"2","swipe_on_mobile":false,"padding_top":100,"padding_bottom":100}},"newsletter":{"type":"newsletter","blocks":{"heading":{"type":"heading","disabled":true,"settings":{"heading":"Subscribe to our emails","heading_size":"h1"}},"paragraph":{"type":"paragraph","settings":{"text":"<p>Join our email list for exclusive offers and the latest news. <\/p>"}},"email-form":{"type":"email_form","settings":{}}},"block_order":["heading","paragraph","email-form"],"disabled":true,"settings":{"display_id":false,"visibility":"always-display","button_type":"solid","button_label":"Sign up","button_style_secondary":false,"color_scheme":"background-2","full_width":true,"padding_top":68,"padding_bottom":52}}},"order":["cart-items","cart-footer","featured-collection","newsletter"]}