{
  "sections": {
    "main-collection-banner": {
      "type": "main-collection-banner",
      "disabled": true,
      "settings": {
        "show_collection_description": true,
        "show_collection_image": false,
        "color_scheme": "background-1"
      }
    },
    "main-collection-product-grid": {
      "type": "main-collection-product-grid",
      "custom_css": [

      ],
      "settings": {
        "products_per_page": 24,
        "columns_desktop": 4,
        "image_ratio": "adapt",
        "show_secondary_image": true,
        "show_vendor": true,
        "show_rating": false,
        "enable_quick_add": false,
        "enable_filtering": true,
        "filter_type": "horizontal",
        "enable_sorting": true,
        "columns_mobile": "2",
        "padding_top": 20,
        "padding_bottom": 36
      }
    },
    "collage": {
      "type": "collage",
      "blocks": {
        "product_YeTi3j": {
          "type": "product",
          "settings": {
            "product": "cinta-impermeabilizante-practica-y-funcional",
            "second_image": false
          }
        },
        "product_4dyJw7": {
          "type": "product",
          "settings": {
            "product": "kit-de-reparacion-de-bisagras-4x1",
            "second_image": false
          }
        },
        "product_ghGPMB": {
          "type": "product",
          "settings": {
            "product": "pack-x50-unidades-parche-triangular-camisa",
            "second_image": false
          }
        }
      },
      "block_order": [
        "product_YeTi3j",
        "product_4dyJw7",
        "product_ghGPMB"
      ],
      "disabled": true,
      "settings": {
        "display_id": false,
        "visibility": "always-display",
        "heading": "Productos mas vendidos del mes",
        "heading_size": "h2",
        "desktop_layout": "right",
        "mobile_layout": "collage",
        "card_styles": "product-card-wrapper",
        "color_scheme": "background-1",
        "padding_top": 16,
        "padding_bottom": 64
      }
    },
    "newsletter": {
      "type": "newsletter",
      "blocks": {
        "heading": {
          "type": "heading",
          "settings": {
            "heading": "Subscribe to our emails",
            "heading_size": "h1"
          }
        },
        "paragraph": {
          "type": "paragraph",
          "settings": {
            "text": "<p>Join our email list for exclusive offers and the latest news. <\/p>"
          }
        },
        "email-form": {
          "type": "email_form",
          "settings": {
          }
        }
      },
      "block_order": [
        "heading",
        "paragraph",
        "email-form"
      ],
      "disabled": true,
      "settings": {
        "display_id": false,
        "visibility": "always-display",
        "button_type": "solid",
        "button_label": "Sign up",
        "button_style_secondary": false,
        "color_scheme": "background-2",
        "full_width": true,
        "padding_top": 68,
        "padding_bottom": 52
      }
    }
  },
  "order": [
    "main-collection-banner",
    "main-collection-product-grid",
    "collage",
    "newsletter"
  ]
}
