{"order":["main-collection-banner","main-collection-product-grid","collage","newsletter"],"sections":{"collage":{"block_order":["product_YeTi3j","product_4dyJw7","product_ghGPMB"],"blocks":{"product_4dyJw7":{"settings":{"product":"kit-de-reparacion-de-bisagras-4x1","second_image":false},"type":"product"},"product_YeTi3j":{"settings":{"product":"cinta-impermeabilizante-practica-y-funcional","second_image":false},"type":"product"},"product_ghGPMB":{"settings":{"product":"pack-x50-unidades-parche-triangular-camisa","second_image":false},"type":"product"}},"disabled":true,"settings":{"card_styles":"product-card-wrapper","color_scheme":"background-1","desktop_layout":"right","display_id":false,"heading":"Productos mas vendidos del mes","heading_size":"h2","mobile_layout":"collage","padding_bottom":64,"padding_top":16,"visibility":"always-display"},"type":"collage"},"main-collection-banner":{"disabled":true,"settings":{"color_scheme":"background-1","show_collection_description":true,"show_collection_image":false},"type":"main-collection-banner"},"main-collection-product-grid":{"custom_css":[],"settings":{"columns_desktop":4,"columns_mobile":"2","enable_filtering":true,"enable_quick_add":false,"enable_sorting":true,"filter_type":"horizontal","image_ratio":"adapt","padding_bottom":36,"padding_top":20,"products_per_page":24,"show_rating":false,"show_secondary_image":true,"show_vendor":true},"type":"main-collection-product-grid"},"newsletter":{"block_order":["heading","paragraph","email-form"],"blocks":{"email-form":{"settings":{},"type":"email_form"},"heading":{"settings":{"heading":"Subscribe to our emails","heading_size":"h1"},"type":"heading"},"paragraph":{"settings":{"text":"\u003cp\u003eJoin our email list for exclusive offers and the latest news. \u003c/p\u003e"},"type":"paragraph"}},"disabled":true,"settings":{"button_label":"Sign up","button_style_secondary":false,"button_type":"solid","color_scheme":"background-2","display_id":false,"full_width":true,"padding_bottom":52,"padding_top":68,"visibility":"always-display"},"type":"newsletter"}}}