{"order":["cfca4268-6358-426c-98ab-d292aeef11e5","collection_list_hkxjHA","d2d3417b-e92f-428c-b221-5bceffb552be","0f1fc9e4-bc4c-4052-9747-62d1f8472caa","featured_collection_UtWKDf","horizontal_ticker_ALHXad","ee8d9ca6-4a41-401f-83a3-37e138a112b9","parallax_hero_PA7YDz","bundle_deals_gCTrhm","insta_stories_dG7AyD","testimonials_8g9ktx","6aa09428-a417-429d-9159-a4e8afd49590","section_divider_NWJKJb"],"sections":{"0f1fc9e4-bc4c-4052-9747-62d1f8472caa":{"block_order":["template--21507361505575__0f1fc9e4-bc4c-4052-9747-62d1f8472caa-row-1","template--21507361505575__0f1fc9e4-bc4c-4052-9747-62d1f8472caa-row-2","template--21507361505575__0f1fc9e4-bc4c-4052-9747-62d1f8472caa-row-3"],"blocks":{"template--21507361505575__0f1fc9e4-bc4c-4052-9747-62d1f8472caa-row-1":{"settings":{"percentage":90,"row_text":"\u003cp\u003eNoticed that this product has significantly improved their life.\u003c/p\u003e"},"type":"row"},"template--21507361505575__0f1fc9e4-bc4c-4052-9747-62d1f8472caa-row-2":{"settings":{"percentage":90,"row_text":"\u003cp\u003eNoticed that this product has significantly improved their life.\u003c/p\u003e"},"type":"row"},"template--21507361505575__0f1fc9e4-bc4c-4052-9747-62d1f8472caa-row-3":{"settings":{"percentage":90,"row_text":"\u003cp\u003eNoticed that this product has significantly improved their life.\u003c/p\u003e"},"type":"row"}},"disabled":true,"settings":{"atc_button_label":"","atc_product":"","button_label":"","button_style_secondary":false,"caption":"\u003cp\u003eCaption about the results and/or link for their proof.\u003c/p\u003e","color_scheme":"background-1","display_id":false,"heading_size":"h1","layout":"results_second","link":"","padding_bottom":36,"padding_top":36,"results_headline":"Results heading","results_headline_alignment":"left","results_headline_size":"h2","text":"\u003cp\u003eTalk about results of your customers and how your product improved their life.\u003c/p\u003e","title":"Resultados","visibility":"always-display"},"type":"results"},"6aa09428-a417-429d-9159-a4e8afd49590":{"block_order":["template--21507361505575__6aa09428-a417-429d-9159-a4e8afd49590-column-1","template--21507361505575__6aa09428-a417-429d-9159-a4e8afd49590-column-2","template--21507361505575__6aa09428-a417-429d-9159-a4e8afd49590-column-3","template--21507361505575__6aa09428-a417-429d-9159-a4e8afd49590-column-4"],"blocks":{"template--21507361505575__6aa09428-a417-429d-9159-a4e8afd49590-column-1":{"disabled":true,"settings":{"filled_icon":false,"icon":"check_circle","text":"\u003cp\u003ePolítica flexible de devolución y reembolso\u003c/p\u003e\u003cp\u003e\u003c/p\u003e","title":"Política de devolución de dinero y garantías"},"type":"column"},"template--21507361505575__6aa09428-a417-429d-9159-a4e8afd49590-column-2":{"settings":{"filled_icon":false,"icon":"Verified User","text":"\u003cp\u003eGarantía de devolución de dinero 100% libre de riesgos\u003c/p\u003e\u003cp\u003e\u003c/p\u003e","title":"Garantía de devolución de dinero"},"type":"column"},"template--21507361505575__6aa09428-a417-429d-9159-a4e8afd49590-column-3":{"settings":{"filled_icon":false,"icon":"Mail","text":"\u003cp\u003e\u003cstrong\u003eEmail: \u003c/strong\u003eonecommerce92@gmail.com\u003cbr/\u003e\u003cstrong\u003eWhatsApp:\u003c/strong\u003e +57 324 6351943\u003c/p\u003e","title":"Contactanos"},"type":"column"},"template--21507361505575__6aa09428-a417-429d-9159-a4e8afd49590-column-4":{"settings":{"filled_icon":false,"icon":"Local Shipping","text":"\u003cp\u003eTodos nuestros productos incluyen envios gratis\u003c/p\u003e\u003cp\u003e\u003c/p\u003e","title":"Envios gratis"},"type":"column"}},"settings":{"arrows_color_scheme":"inverse","autoplay":true,"autoplay_speed":2,"cards_color_scheme":"background-1","color_scheme":"background-1","columns_desktop":3,"columns_mobile":"1","desktop_adaptive_height":false,"desktop_arrows_position":"sides","desktop_dots_position":"under","desktop_full_page":false,"desktop_padding_calc":true,"desktop_side_padding":0,"desktop_spacing":40,"display_id":false,"dots_color_scheme":"inverse","enable_mobile_preview":false,"heading_size":"h0","icon_color":"accent-1","icon_layout":"vertical","icon_size":"medium","mobile_adaptive_height":false,"mobile_arrows_position":"under","mobile_dots_position":"under","padding_bottom":36,"padding_top":36,"per_move_desktop":1,"slider_desktop":false,"slider_mobile":true,"text":"","title":"","transparent_arrows":true,"type":"slide","visibility":"always-display"},"type":"icon-bar"},"bundle_deals_gCTrhm":{"block_order":["product_qPx6MW","product_EKbikF","product_CPXTV7"],"blocks":{"product_CPXTV7":{"settings":{"fixed_amount_discount":"0","percentage_discount":"0","product":""},"type":"product"},"product_EKbikF":{"settings":{"fixed_amount_discount":"0","percentage_discount":"0","product":""},"type":"product"},"product_qPx6MW":{"settings":{"fixed_amount_discount":"0","percentage_discount":"0","product":"hinge-repair-kit"},"type":"product"}},"disabled":true,"settings":{"btn_label":"Add selected to cart","color_scheme":"background-1","display_id":false,"enable_price_changes":true,"fixed_amount_discount":"0","heading_size":"h1","layout":"horizontal-images-left","padding_bottom":36,"padding_top":36,"percentage_discount":"0","prices_under":true,"skip_cart":false,"text":"","title":"Bundle deals","total_price_label":"Total Price:","visibility":"always-display"},"type":"bundle-deals"},"cfca4268-6358-426c-98ab-d292aeef11e5":{"block_order":["template--21507361505575__cfca4268-6358-426c-98ab-d292aeef11e5-slide-1","template--21507361505575__cfca4268-6358-426c-98ab-d292aeef11e5-slide-2"],"blocks":{"template--21507361505575__cfca4268-6358-426c-98ab-d292aeef11e5-slide-1":{"settings":{"atc_button_label":"","atc_product":"","box_align":"middle-left","button_label":"Ver mas productos","button_style_secondary":false,"color_scheme":"background-1","heading":"LOS MEJORES PRODUCTOS PARA TU BIENESTAR PERSONAL","heading_size":"h2","image":"shopify://shop_images/Banner_Tienda_72f5451b-e3c2-4ec9-8a39-ed420ae86568.webp","image_overlay_opacity":0,"link":"shopify://collections","show_text_box":false,"subheading":"💞 Más Calidad de Vida, Mayor Vitalidad, Mayor Energía ⚡","text_alignment":"left","text_alignment_mobile":"center","transparent_container_color":"white"},"type":"slide"},"template--21507361505575__cfca4268-6358-426c-98ab-d292aeef11e5-slide-2":{"disabled":true,"settings":{"atc_button_label":"","atc_product":"","box_align":"middle-center","button_label":"Button label","button_style_secondary":false,"color_scheme":"background-1","heading":"Image slide","heading_size":"h1","image_overlay_opacity":0,"link":"","show_text_box":true,"subheading":"Tell your brand's story through images","text_alignment":"center","text_alignment_mobile":"center","transparent_container_color":"white"},"type":"slide"}},"settings":{"accessibility_info":"Slideshow about our brand","auto_rotate":false,"change_slides_speed":5,"desktop_pagination_position":"over","layout":"full_bleed","mobile_pagination_position":"under","show_text_below":true,"slide_height":"medium","slider_visual":"dots","visibility":"always-display"},"type":"slideshow"},"collection_list_hkxjHA":{"block_order":["featured_collection_WezUHM","featured_collection_dArYR9","featured_collection_YKwL6F","featured_collection_NUDr9Q","featured_collection_mFbDrD"],"blocks":{"featured_collection_NUDr9Q":{"settings":{"collection":"ninos-y-juguetes"},"type":"featured_collection"},"featured_collection_WezUHM":{"settings":{"collection":"productos-top"},"type":"featured_collection"},"featured_collection_YKwL6F":{"settings":{"collection":"productos-con-envio-gratis"},"type":"featured_collection"},"featured_collection_dArYR9":{"settings":{"collection":"hogar-y-oficina"},"type":"featured_collection"},"featured_collection_mFbDrD":{"settings":{"collection":"automoviles-y-motos"},"type":"featured_collection"}},"custom_css":[],"disabled":true,"settings":{"color_scheme":"background-1","columns_desktop":5,"columns_mobile":"1","display_id":false,"heading_size":"h2","image_ratio":"square","padding_bottom":4,"padding_top":4,"show_view_all":true,"swipe_on_mobile":true,"title":"Colecciones","visibility":"always-display"},"type":"collection-list"},"d2d3417b-e92f-428c-b221-5bceffb552be":{"block_order":["template--21507361505575__d2d3417b-e92f-428c-b221-5bceffb552be-row-1","template--21507361505575__d2d3417b-e92f-428c-b221-5bceffb552be-row-2","template--21507361505575__d2d3417b-e92f-428c-b221-5bceffb552be-row-3","row_MhPNgd"],"blocks":{"row_MhPNgd":{"settings":{"benefit":"Gran selección","others":false,"us":true},"type":"row"},"template--21507361505575__d2d3417b-e92f-428c-b221-5bceffb552be-row-1":{"settings":{"benefit":"Calidad","others":false,"us":true},"type":"row"},"template--21507361505575__d2d3417b-e92f-428c-b221-5bceffb552be-row-2":{"settings":{"benefit":"Envíos Rapidos","others":false,"us":true},"type":"row"},"template--21507361505575__d2d3417b-e92f-428c-b221-5bceffb552be-row-3":{"settings":{"benefit":"Mejor precio","others":false,"us":true},"type":"row"}},"settings":{"atc_button_label":"","atc_product":"","button_label":"","button_style_secondary":false,"checkmark_bg_color":"#53af01","checkmark_color":"#53af01","checkmark_style":"regular","color_scheme":"background-1","display_id":false,"heading_size":"h1","highlighted_color_scheme":"background-2","highlighted_overlay_opacity":0,"highlighted_separator_opacity":2,"layout":"table_second","link":"","logo_width":90,"minimalistic_border_opacity":16,"mobile_logo_width":95,"opposite_icon_colors":"original","other_cells_color_scheme":"background-1","others_label":"Otros","others_label_size":18,"padding_bottom":36,"padding_top":36,"regular_overlay_opacity":0,"regular_separator_opacity":6,"style":"centered","text":"\u003cp\u003eProductos 100% Garantizados, para mayor seguridad\u003c/p\u003e","title":"Beneficios","us_label":"Onecomerce","us_label_size":17,"visibility":"always-display","x_bg_color":"#555555","x_color":"#121212","x_style":"regular"},"type":"comparison-table"},"ee8d9ca6-4a41-401f-83a3-37e138a112b9":{"disabled":true,"settings":{"button_full_width":true,"color_scheme":"background-1","display_id":false,"heading":"Contact form","heading_size":"h1","padding_bottom":36,"padding_top":36,"visibility":"always-display"},"type":"contact-form"},"featured_collection_UtWKDf":{"settings":{"collection":"productos-destacados","color_scheme":"background-1","columns_desktop":4,"columns_mobile":"1","description":"","description_style":"body","display_id":false,"enable_desktop_slider":true,"enable_quick_add":true,"full_width":true,"heading_size":"h2","image_ratio":"square","padding_bottom":36,"padding_top":20,"products_to_show":25,"show_description":false,"show_rating":true,"show_secondary_image":false,"show_vendor":true,"show_view_all":true,"swipe_on_mobile":true,"title":"Productos del la semana","view_all_style":"solid","visibility":"always-display"},"type":"featured-collection"},"horizontal_ticker_ALHXad":{"block_order":["text_jNWRXn","text_CCqhyU","text_kiznbL"],"blocks":{"text_CCqhyU":{"settings":{"title":"Shrine Theme"},"type":"text"},"text_jNWRXn":{"settings":{"title":"Shrine Theme"},"type":"text"},"text_kiznbL":{"settings":{"title":"Shrine Theme"},"type":"text"}},"disabled":true,"settings":{"bold_text":false,"color_scheme":"accent-1","desktop_image_height":40,"desktop_padding_bottom":16,"desktop_padding_top":16,"desktop_spacing":100,"desktop_text_size":18,"italic_text":false,"mobile_image_height":26,"mobile_padding_bottom":12,"mobile_padding_top":12,"mobile_spacing":60,"mobile_text_size":16,"speed":3,"uppercase_text":false,"visibility":"always-display"},"type":"horizontal-ticker"},"insta_stories_dG7AyD":{"block_order":["user_phzcgM","user_p7hRk7","user_dmEnTj"],"blocks":{"user_dmEnTj":{"settings":{"close_friends":false,"story_1_bg":"#282828","story_1_media_fit":"contain","story_1_time_posted":"10m","story_2_bg":"#282828","story_2_media_fit":"contain","story_2_time_posted":"1h","story_3_bg":"#282828","story_3_media_fit":"contain","story_3_time_posted":"4h","username":"shrinetheme","verified":false},"type":"user"},"user_p7hRk7":{"settings":{"close_friends":false,"story_1_bg":"#282828","story_1_media_fit":"contain","story_1_time_posted":"10m","story_2_bg":"#282828","story_2_media_fit":"contain","story_2_time_posted":"1h","story_3_bg":"#282828","story_3_media_fit":"contain","story_3_time_posted":"4h","username":"shrinetheme","verified":false},"type":"user"},"user_phzcgM":{"settings":{"close_friends":false,"story_1_bg":"#282828","story_1_media_fit":"contain","story_1_time_posted":"10m","story_2_bg":"#282828","story_2_media_fit":"contain","story_2_time_posted":"1h","story_3_bg":"#282828","story_3_media_fit":"contain","story_3_time_posted":"4h","username":"shrinetheme","verified":false},"type":"user"}},"disabled":true,"settings":{"autoplay_speed":10,"color_scheme":"background-1","display_id":false,"heading_size":"h1","padding_bottom":36,"padding_top":36,"text":"Display images and testimonials in a format familiar to your customers.","title":"Instagram stories","visibility":"always-display"},"type":"insta-stories"},"parallax_hero_PA7YDz":{"block_order":["content_mbRybA","image_rcbH9t","image_mWETe8","image_3ezxQq"],"blocks":{"content_mbRybA":{"settings":{"button_label_1":"Button label","button_label_2":"","button_link_1":"","button_link_2":"","button_style_secondary_1":false,"button_style_secondary_2":false,"color_scheme":"background-1","content_horizontal_position":"center","content_max_width":"unlimited","content_percentage_max_width":50,"content_pixels_max_width":500,"content_text_alignment":"center","content_vertical_position":"center","full_page_width":false,"heading":"Parallax hero","heading_prefix":"","heading_prefix_size":"h4","heading_size":80,"heading_suffix":"","horizontal_scrollng_speed":0,"mobile_content_text_alignment":"center","mobile_content_vertical_position":"center","mobile_heading_size":36,"rotation":0,"text":"\u003cp\u003eCreate a cool perspective scrolling effect using multiple image layers.\u003c/p\u003e","vertical_scrollng_speed":0,"z_index":0,"zoom_level":100},"type":"content"},"image_3ezxQq":{"settings":{"hide_on_mobile":false,"horizontal_scrollng_speed":0,"rotation":0,"vertical_scrollng_speed":0,"z_index":1,"zoom_level":0},"type":"image"},"image_mWETe8":{"settings":{"hide_on_mobile":false,"horizontal_scrollng_speed":0,"rotation":0,"vertical_scrollng_speed":0,"z_index":1,"zoom_level":0},"type":"image"},"image_rcbH9t":{"settings":{"hide_on_mobile":false,"horizontal_scrollng_speed":0,"rotation":0,"vertical_scrollng_speed":110,"z_index":1,"zoom_level":0},"type":"image"}},"disabled":true,"settings":{"desktop_pixels_height":600,"hide_announcement_bars":false,"min_desktop_height_type":"pixels","min_mobile_height_type":"pixels","mobile_pixels_height":400,"overlay_color":"#000000","overlay_opacity":0,"padding_bottom":50,"padding_top":50,"transparent_header":false,"transparent_header_highlighted_link_color":"background-1","transparent_header_logo":"main","transparent_header_text_color":"text"},"type":"parallax-hero"},"section_divider_NWJKJb":{"settings":{"background_color":"background-1","flip_horizontal":false,"flip_vertical":false,"padding_bottom":0,"padding_top":0,"shape":"waves_3","shape_color":"accent-1"},"type":"section-divider"},"testimonials_8g9ktx":{"block_order":["column_DPhifX","column_etaCYw","column_6bAN4e"],"blocks":{"column_6bAN4e":{"settings":{"author":"\u003cem\u003e\u003cstrong\u003eAuthor\u003c/strong\u003e\u003c/em\u003e","text":"\u003cp\u003eShare positive thoughts and feedback from your customer..\u003c/p\u003e","title":"Heading"},"type":"column"},"column_DPhifX":{"settings":{"author":"\u003cem\u003e\u003cstrong\u003eAuthor\u003c/strong\u003e\u003c/em\u003e","text":"\u003cp\u003eShare positive thoughts and feedback from your customer..\u003c/p\u003e","title":"Heading"},"type":"column"},"column_etaCYw":{"settings":{"author":"\u003cem\u003e\u003cstrong\u003eAuthor\u003c/strong\u003e\u003c/em\u003e","text":"\u003cp\u003eShare positive thoughts and feedback from your customer..\u003c/p\u003e","title":"Heading"},"type":"column"}},"disabled":true,"settings":{"arrows_color_scheme":"inverse","autoplay":false,"autoplay_speed":5,"cards_color_scheme":"bg-overlay","color_scheme":"background-1","column_alignment":"center","columns_desktop":3,"desktop_adaptive_height":false,"desktop_arrows_position":"sides","desktop_dots_position":"under","desktop_full_page":false,"desktop_padding_calc":true,"desktop_side_padding":0,"desktop_spacing":40,"display_id":false,"dots_color_scheme":"inverse","enable_mobile_preview":false,"heading_size":"h1","image_ratio":"square","image_width":"full","mobile_adaptive_height":false,"mobile_arrows_position":"under","mobile_dots_position":"under","padding_bottom":36,"padding_top":36,"per_move_desktop":1,"quotes_color_scheme":"accent-2","show_quotes":true,"show_stars":true,"slider_desktop":false,"slider_mobile":true,"stars_color":"#ffd700","style":"cards","text":"","title":"Testimonials","transparent_arrows":true,"type":"slide","visibility":"always-display"},"type":"testimonials"}}}