{"sections":{"main":{"type":"main-product","blocks":{"urgency_Vihcwj":{"type":"urgency","disabled":true,"settings":{"urgency":"HOT PRODUCT | LOW STOCK","color_scheme":"accent-1","margin_top":0,"margin_bottom":15}},"title":{"type":"title","settings":{"text_size":"h2","title_alignment":"left","uppercase_title":false,"margin_top":0,"margin_bottom":0}},"a6eb81db-40e4-43e0-972f-32db010a4a56":{"type":"rating_stars","disabled":true,"settings":{"rating":4.6,"star_color":"#ffcc00","bg_stars_style":"full","bg_star_color":"#ececec","label":"(1696 Reviews)","size":16,"alignment":"flex-start","scroll_id":"","margin_top":0,"margin_bottom":9}},"price":{"type":"price","settings":{"layout":"price_first","price_color":"accent-1","compare_price_color":"text","hide_sale_badge":true,"margin_top":9,"margin_bottom":15}},"c43b9f54-e00a-4f9e-b42c-2914dde008a8":{"type":"reviews","settings":{"display_stars":true,"star_color":"#ffcc00","avatar_alignment":"top","author_1":"<em>26 Reseñas<\/em>","text_1":"","author_2":"","text_2":"","author_3":"<em>Author<\/em>","text_3":"<p>Share positive thoughts and feedback from your customer.<\/p>","margin_top":24,"margin_bottom":24}},"5fcc0428-e768-4cb7-bea3-eb0274198dd1":{"type":"variant_picker","disabled":true,"settings":{"picker_types":"pills, pills, pills","custom_labels":"","swatches_size":"medium","swatches_custom_colors":"disabled","swatches_custom_colors_list":"#000000, #FFFFFF","full_width_dropdowns":false,"breaks_style":"normal","breaks_headline":"BUNDLE & SAVE","breaks_color_scheme":"accent-1","breaks_badges":"[empty], Most popular, [empty]","breaks_displayed_images":"variant_images","breaks_custom_images":"","breaks_image_width":70,"breaks_space_images":true,"breaks_labels":"[name], [name], [name]","breaks_benefits":"[empty], Free Shipping, Free Shipping","breaks_captions":"Variant 1 caption, Variant 2 caption, Variant 3 caption","breaks_price_texts":"[price], [price], [price]","breaks_compare_price_texts":"[compare_price], [compare_price], [compare_price]","margin_top":15,"margin_bottom":15}},"text_EmACyr":{"type":"text","disabled":true,"settings":{"mobile_text_size":14,"desktop_text_size":16,"alignment":"left","text_color":"#121212","text_1":"<strong>Envio Gratis <\/strong>","text_2":"<strong>100% Politica devolucion de dinero<\/strong>","text_3":"<strong>Garantia de 30 dias<\/strong>","icon_scale":195,"icon_color":"#121212","icon_1":"local_shipping","filled_icon_1":true,"icon_2":"currency_exchange","filled_icon_2":true,"icon_3":"verified_user","filled_icon_3":true,"width":"fit-content","direction":"vertical","column_gap":4,"enable_bg":false,"bg_color":"#f3f3f3","corner_radius":60,"padding":3,"border_size":0,"border_color":"#b7b7b7","margin_top":18,"margin_bottom":18}},"04ba004e-2f54-4936-8b1c-8bcadf6573f6":{"type":"quantity_selector","disabled":true,"settings":{"enable_quantity_discounts":true,"style":"normal","headline":"BUNDLE & SAVE","preselected":"option_1","enable_variant_selectors":true,"enable_variant_selectors_on_quantity_of_1":false,"hide_pickers_overlay":true,"image_width":80,"space_images":true,"color_scheme":"accent-1","option_1_quantity":1,"option_1_badge":"","option_1_label":"Buy 1 get 1 free (2 pcs)","option_1_benefit":"","option_1_caption":"You save [amount_saved]","option_1_percentage_off":"0","option_1_fixed_amount_off":"0","option_1_price_text":"[price]","option_1_compare_price":"compare_price","option_1_compare_price_text":"[compare_price]","option_2_quantity":2,"option_2_badge":"","option_2_label":"Buy 2 get 2 free (4 pcs)","option_2_benefit":"","option_2_caption":"You save [amount_saved]","option_2_percentage_off":"32","option_2_fixed_amount_off":"0","option_2_price_text":"[price]","option_2_compare_price":"compare_price","option_2_compare_price_text":"[compare_price]","option_3_quantity":3,"option_3_badge":"","option_3_label":"Buy 3 get free 3 (6 pcs)","option_3_benefit":"","option_3_caption":"You save [amount_saved]","option_3_percentage_off":"43","option_3_fixed_amount_off":"0","option_3_price_text":"[price]","option_3_compare_price":"compare_price","option_3_compare_price_text":"[compare_price]","option_4_quantity":0,"option_4_badge":"","option_4_label":"Buy [quantity]","option_4_benefit":"","option_4_caption":"You save [amount_saved]","option_4_percentage_off":"0","option_4_fixed_amount_off":"0","option_4_price_text":"[price]","option_4_compare_price":"compare_price","option_4_compare_price_text":"[compare_price]","margin_top":15,"margin_bottom":15}},"buy_buttons":{"type":"buy_buttons","settings":{"show_dynamic_checkout":true,"skip_cart":false,"uppercase_text":true,"display_price":false,"enable_custom_color":false,"custom_color":"#53af01","margin_top":24,"margin_bottom":24}},"e0a0b690-50df-4ca4-acfd-ce2980696cce":{"type":"shipping_checkpoints","disabled":true,"settings":{"icon_1":"add_shopping_cart","filled_icon_1":false,"top_text_1":"<strong>[start_date]<\/strong>","bottom_text_1":"Ordered","min_days_1":0,"max_days_1":0,"icon_2":"local_shipping","filled_icon_2":false,"top_text_2":"<strong>[start_date] - [end_date]<\/strong>","bottom_text_2":"Order Ready","min_days_2":1,"max_days_2":2,"icon_3":"redeem","filled_icon_3":false,"top_text_3":"<strong>[start_date] - [end_date]<\/strong>","bottom_text_3":"Delivered","min_days_3":10,"max_days_3":12,"icon_4":"","filled_icon_4":false,"top_text_4":"","bottom_text_4":"","date_format":"mm_dd","days_labels":"Mon, Tue, Wed, Thu, Fri, Sat, Sun","months_labels":"Jan, Feb, Mar, Apr, May, Jun, Jul, Aug, Sep, Oct, Nov, Dec","color_scheme":"inverse","margin_top":24,"margin_bottom":24}},"e7a28cbe-03cb-4c9d-a2c4-0e3e76ffb3e5":{"type":"sticky_atc","disabled":true,"settings":{"function":"add_to_cart","display_when":"always","button_label":"Add to cart","color_scheme":"background-1","star_color":"#ffcc00","stars_label":"(xxxx Reviews)","desktop_show_image":true,"desktop_show_title":true,"desktop_rating_stars":false,"desktop_show_price":true,"desktop_show_sale_badge":true,"desktop_variant_picker":false,"desktop_full_button_width":false,"desktop_show_price_in_button":false,"desktop_transparent_bg":false,"mobile_show_image":false,"mobile_show_title":true,"mobile_rating_stars":false,"mobile_show_price":true,"mobile_show_sale_badge":false,"mobile_variant_picker":false,"mobile_full_button_width":false,"mobile_show_price_in_button":false,"mobile_transparent_bg":false}},"payment_badges_AWtztk":{"type":"payment_badges","disabled":true,"settings":{"enabled_payment_types":"american_express, apple_pay, diners_club, master, paypal, visa","margin_top":15,"margin_bottom":15}},"collapsible_tab_zWHWdU":{"type":"collapsible_tab","disabled":true,"settings":{"heading":"Información de envio","heading_size":"small","icon":"local_shipping","filled_icon":false,"collapse_icon":"carret","display_top_border":true,"content":"<p>Manejamos envíos gratis con servicio pago contra entrega a todo el país nuestro tiempo de entrega es de 2 a 4 Días Hábiles  recuerda tener el dinero completo en EFECTIVO en el momento de la entrega Para que no tengas novedades con la recepción de tu pedido.<\/p>","page":"","margin_top":0,"margin_bottom":0}},"collapsible_tab_AHKUqL":{"type":"collapsible_tab","disabled":true,"settings":{"heading":"Devoluciones y reembolsos","heading_size":"small","icon":"keyboard_return","filled_icon":false,"collapse_icon":"carret","display_top_border":true,"content":"<p>Hacemos devolución de dinero de pedidos 5 días de recibido tu compra y manejamos garantía de 30 días por defectos de fabrica por cualquier producto de nuestra tienda .<\/p>","page":"","margin_top":0,"margin_bottom":0}},"description":{"type":"description","settings":{"margin_top":24,"margin_bottom":24}},"de158e68-5d0d-4819-a625-e2dabdff87d1":{"type":"collapsible_tab","disabled":true,"settings":{"heading":"More info","heading_size":"medium","icon":"check_box","filled_icon":false,"collapse_icon":"carret","display_top_border":true,"content":"","page":"","margin_top":24,"margin_bottom":0}}},"block_order":["urgency_Vihcwj","title","a6eb81db-40e4-43e0-972f-32db010a4a56","price","c43b9f54-e00a-4f9e-b42c-2914dde008a8","5fcc0428-e768-4cb7-bea3-eb0274198dd1","text_EmACyr","04ba004e-2f54-4936-8b1c-8bcadf6573f6","buy_buttons","e0a0b690-50df-4ca4-acfd-ce2980696cce","e7a28cbe-03cb-4c9d-a2c4-0e3e76ffb3e5","payment_badges_AWtztk","collapsible_tab_zWHWdU","collapsible_tab_AHKUqL","description","de158e68-5d0d-4819-a625-e2dabdff87d1"],"custom_css":[],"settings":{"enable_sticky_info":true,"display_variant_image_first":false,"media_size":"medium","constrain_to_viewport":true,"media_fit":"contain","gallery_layout":"thumbnail_slider","media_position":"left","image_zoom":"none","hide_variants":false,"enable_video_looping":false,"desktop_thumbnails_count":4,"mobile_thumbnails":"hide","mobile_media_corner_radius":6,"mobile_spacing":false,"mobile_preview_media":false,"mobile_thumbnails_count":5,"mobile_pagination":"dots_overlay","hide_arrows":true,"dots_color_scheme":"inverse","trust_badge_position":"top-right","trust_badge_size":"medium","mobile_padding_top":16,"mobile_padding_bottom":16,"desktop_padding_top":36,"desktop_padding_bottom":36}},"related-products":{"type":"related-products","disabled":true,"settings":{"display_id":false,"heading":"You may also like","heading_size":"h2","products_to_show":4,"columns_desktop":4,"color_scheme":"background-1","image_ratio":"adapt","show_secondary_image":false,"show_vendor":false,"show_rating":false,"columns_mobile":"2","padding_top":36,"padding_bottom":24}},"8beb6911-28c6-482c-976a-e5421ad3e8df":{"type":"custom-columns","blocks":{"template--21507361800487__8beb6911-28c6-482c-976a-e5421ad3e8df-heading-1":{"type":"heading","settings":{"column":"col_1","visibility":"always-display","heading":"Custom columns","heading_size":"h1","alignment":"center","mobile_alignment":"mobile-center","margin_top":20,"margin_bottom":20}},"template--21507361800487__8beb6911-28c6-482c-976a-e5421ad3e8df-richtext-1":{"type":"richtext","settings":{"column":"col_1","visibility":"always-display","text":"<p>Use the flexible grid system to create any layout. Each block can be placed in any of the columns.<\/p>","text_style":"body","alignment":"center","mobile_alignment":"mobile-center","margin_top":20,"margin_bottom":20}},"template--21507361800487__8beb6911-28c6-482c-976a-e5421ad3e8df-icon_with_text-1":{"type":"icon_with_text","settings":{"column":"col_2","visibility":"always-display","icon":"check_circle","filled_icon":false,"icon_size":"m","icon_position":"next-to-title","icon_color":"accent-1","icon_heading_size":"h3","icon_text_alignment":"left","title":"Icon with text","text":"<p>Pair text with an icon to focus on your chosen product, collection, or blog post<\/p>","margin_top":20,"margin_bottom":30}},"template--21507361800487__8beb6911-28c6-482c-976a-e5421ad3e8df-icon_with_text-2":{"type":"icon_with_text","settings":{"column":"col_2","visibility":"always-display","icon":"check_circle","filled_icon":false,"icon_size":"m","icon_position":"next-to-title","icon_color":"accent-1","icon_heading_size":"h3","icon_text_alignment":"left","title":"Icon with text","text":"<p>Pair text with an icon to focus on your chosen product, collection, or blog post<\/p>","margin_top":20,"margin_bottom":20}},"template--21507361800487__8beb6911-28c6-482c-976a-e5421ad3e8df-image-1":{"type":"image","settings":{"column":"col_3","visibility":"always-display","width":100,"alignment":"center","mobile_alignment":"center","border_radius":0,"margin_top":20,"margin_bottom":20}},"template--21507361800487__8beb6911-28c6-482c-976a-e5421ad3e8df-icon_with_text-3":{"type":"icon_with_text","settings":{"column":"col_4","visibility":"always-display","icon":"check_circle","filled_icon":false,"icon_size":"m","icon_position":"next-to-title","icon_color":"accent-1","icon_heading_size":"h3","icon_text_alignment":"left","title":"Icon with text","text":"<p>Pair text with an icon to focus on your chosen product, collection, or blog post<\/p>","margin_top":20,"margin_bottom":30}},"template--21507361800487__8beb6911-28c6-482c-976a-e5421ad3e8df-icon_with_text-4":{"type":"icon_with_text","settings":{"column":"col_4","visibility":"always-display","icon":"check_circle","filled_icon":false,"icon_size":"m","icon_position":"next-to-title","icon_color":"accent-1","icon_heading_size":"h3","icon_text_alignment":"left","title":"Icon with text","text":"<p>Pair text with an icon to focus on your chosen product, collection, or blog post<\/p>","margin_top":20,"margin_bottom":20}}},"block_order":["template--21507361800487__8beb6911-28c6-482c-976a-e5421ad3e8df-heading-1","template--21507361800487__8beb6911-28c6-482c-976a-e5421ad3e8df-richtext-1","template--21507361800487__8beb6911-28c6-482c-976a-e5421ad3e8df-icon_with_text-1","template--21507361800487__8beb6911-28c6-482c-976a-e5421ad3e8df-icon_with_text-2","template--21507361800487__8beb6911-28c6-482c-976a-e5421ad3e8df-image-1","template--21507361800487__8beb6911-28c6-482c-976a-e5421ad3e8df-icon_with_text-3","template--21507361800487__8beb6911-28c6-482c-976a-e5421ad3e8df-icon_with_text-4"],"disabled":true,"settings":{"display_id":false,"visibility":"always-display","color_scheme":"background-1","columns_count":4,"column_gap_desktop":40,"row_gap_desktop":40,"desktop_vertical_alignment":"center","column_gap_mobile":20,"row_gap_mobile":30,"mobile_vertical_alignment":"flex-start","col_1_desktop_width":12,"col_1_mobile_width":4,"col_1_visibility":"always-display","col_2_desktop_width":4,"col_2_mobile_width":4,"col_2_visibility":"always-display","col_3_desktop_width":4,"col_3_mobile_width":4,"col_3_visibility":"always-display","col_4_desktop_width":4,"col_4_mobile_width":4,"col_4_visibility":"always-display","col_5_desktop_width":3,"col_5_mobile_width":4,"col_5_visibility":"always-display","col_6_desktop_width":3,"col_6_mobile_width":4,"col_6_visibility":"always-display","padding_top":36,"padding_bottom":36}},"4fc05ee5-1c30-4863-b88f-81cb6fa7c41a":{"type":"icons-with-content","blocks":{"template--21507361800487__4fc05ee5-1c30-4863-b88f-81cb6fa7c41a-icon-1":{"type":"icon","settings":{"icon":"check_circle","filled_icon":false,"title":"Icon with text","text":"<p>Pair text with an icon to focus on your chosen product, collection, or blog post<\/p>"}},"template--21507361800487__4fc05ee5-1c30-4863-b88f-81cb6fa7c41a-icon-2":{"type":"icon","settings":{"icon":"check_circle","filled_icon":false,"title":"Icon with text","text":"<p>Pair text with an icon to focus on your chosen product, collection, or blog post<\/p>"}},"template--21507361800487__4fc05ee5-1c30-4863-b88f-81cb6fa7c41a-icon-3":{"type":"icon","settings":{"icon":"check_circle","filled_icon":false,"title":"Icon with text","text":"<p>Pair text with an icon to focus on your chosen product, collection, or blog post<\/p>"}},"template--21507361800487__4fc05ee5-1c30-4863-b88f-81cb6fa7c41a-heading-1":{"type":"heading","settings":{"heading":"Content heading","heading_size":"h1"}},"template--21507361800487__4fc05ee5-1c30-4863-b88f-81cb6fa7c41a-text-1":{"type":"text","settings":{"text":"<p>Pair icons with content to focus on your chosen product, collection, or blog post. Add details on availability, style, or even provide a review.<\/p>","text_style":"body"}},"template--21507361800487__4fc05ee5-1c30-4863-b88f-81cb6fa7c41a-button-1":{"type":"button","settings":{"button_label":"Button label","button_link":""}}},"block_order":["template--21507361800487__4fc05ee5-1c30-4863-b88f-81cb6fa7c41a-icon-1","template--21507361800487__4fc05ee5-1c30-4863-b88f-81cb6fa7c41a-icon-2","template--21507361800487__4fc05ee5-1c30-4863-b88f-81cb6fa7c41a-icon-3","template--21507361800487__4fc05ee5-1c30-4863-b88f-81cb6fa7c41a-heading-1","template--21507361800487__4fc05ee5-1c30-4863-b88f-81cb6fa7c41a-text-1","template--21507361800487__4fc05ee5-1c30-4863-b88f-81cb6fa7c41a-button-1"],"disabled":true,"settings":{"display_id":false,"visibility":"always-display","color_scheme":"background-1","icon_size":"m","icon_position":"next-to-title","icon_color":"accent-1","icon_heading_size":"h3","icon_text_alignment":"left","icons_desktop_layout":"1-column","icons_mobile_layout":"1-column","desktop_content_alignment":"left","layout":"image_first","mobile_layout":"text_first","hide_content_on_mobile":false,"padding_top":36,"padding_bottom":36}},"eba88da5-80ac-47fc-aa75-997cfe7b2e59":{"type":"image-slider","blocks":{"template--21507361800487__eba88da5-80ac-47fc-aa75-997cfe7b2e59-image_slide-1":{"type":"image_slide","settings":{"description":"","desc_alignment":"center","desc_color_scheme":"background-2"}},"template--21507361800487__eba88da5-80ac-47fc-aa75-997cfe7b2e59-image_slide-2":{"type":"image_slide","settings":{"description":"","desc_alignment":"center","desc_color_scheme":"background-2"}},"template--21507361800487__eba88da5-80ac-47fc-aa75-997cfe7b2e59-image_slide-3":{"type":"image_slide","settings":{"description":"","desc_alignment":"center","desc_color_scheme":"background-2"}},"template--21507361800487__eba88da5-80ac-47fc-aa75-997cfe7b2e59-image_slide-4":{"type":"image_slide","settings":{"description":"","desc_alignment":"center","desc_color_scheme":"background-2"}}},"block_order":["template--21507361800487__eba88da5-80ac-47fc-aa75-997cfe7b2e59-image_slide-1","template--21507361800487__eba88da5-80ac-47fc-aa75-997cfe7b2e59-image_slide-2","template--21507361800487__eba88da5-80ac-47fc-aa75-997cfe7b2e59-image_slide-3","template--21507361800487__eba88da5-80ac-47fc-aa75-997cfe7b2e59-image_slide-4"],"disabled":true,"settings":{"display_id":false,"visibility":"always-display","title":"Image\/Video Slider","heading_size":"h1","color_scheme":"background-1","type":"slide","drag":"enabled","autoplay":false,"autoplay_speed":5,"center_mode":false,"arrows_color_scheme":"inverse","transparent_arrows":false,"dots_color_scheme":"inverse","desktop_full_page":false,"desktop_border_radius":0,"slides_desktop":3,"per_move_desktop":1,"desktop_spacing":28,"desktop_side_padding":0,"desktop_padding_calc":true,"desktop_adaptive_height":false,"desktop_dots_position":"under","desktop_arrows_position":"sides","mobile_full_page":false,"mobile_border_radius":0,"slides_mobile":2,"per_move_mobile":1,"mobile_spacing":12,"mobile_side_padding":0,"mobile_padding_calc":true,"mobile_adaptive_height":false,"mobile_dots_position":"under","mobile_arrows_position":"sides","padding_top":36,"padding_bottom":36}},"55bd100e-3bbd-426c-a5cf-eed7b2a3706f":{"type":"testimonials","blocks":{"template--21507361800487__55bd100e-3bbd-426c-a5cf-eed7b2a3706f-column-1":{"type":"column","settings":{"title":"Heading","text":"<p>Share positive thoughts and feedback from your customer..<\/p>","author":"<em><strong>Author<\/strong><\/em>"}},"template--21507361800487__55bd100e-3bbd-426c-a5cf-eed7b2a3706f-column-2":{"type":"column","settings":{"title":"Heading","text":"<p>Share positive thoughts and feedback from your customer..<\/p>","author":"<em><strong>Author<\/strong><\/em>"}},"template--21507361800487__55bd100e-3bbd-426c-a5cf-eed7b2a3706f-column-3":{"type":"column","settings":{"title":"Heading","text":"<p>Share positive thoughts and feedback from your customer..<\/p>","author":"<em><strong>Author<\/strong><\/em>"}}},"block_order":["template--21507361800487__55bd100e-3bbd-426c-a5cf-eed7b2a3706f-column-1","template--21507361800487__55bd100e-3bbd-426c-a5cf-eed7b2a3706f-column-2","template--21507361800487__55bd100e-3bbd-426c-a5cf-eed7b2a3706f-column-3"],"disabled":true,"settings":{"display_id":false,"visibility":"always-display","title":"Testimonials","heading_size":"h1","text":"","color_scheme":"background-1","style":"cards","image_width":"full","image_ratio":"square","column_alignment":"center","show_stars":true,"stars_color":"#ffd700","show_quotes":true,"quotes_color_scheme":"accent-2","cards_color_scheme":"bg-overlay","type":"slide","autoplay":false,"autoplay_speed":5,"arrows_color_scheme":"inverse","transparent_arrows":true,"dots_color_scheme":"inverse","desktop_full_page":false,"columns_desktop":3,"slider_desktop":false,"per_move_desktop":1,"desktop_spacing":40,"desktop_side_padding":0,"desktop_padding_calc":true,"desktop_adaptive_height":false,"desktop_dots_position":"under","desktop_arrows_position":"sides","slider_mobile":true,"enable_mobile_preview":false,"mobile_adaptive_height":false,"mobile_dots_position":"under","mobile_arrows_position":"under","padding_top":36,"padding_bottom":36}},"icon_bar_LiJcnD":{"type":"icon-bar","blocks":{"column_cHwdij":{"type":"column","settings":{"icon":"Local Shipping","filled_icon":false,"title":"Envíos gratis","text":"<p>Todos nuestros productos incluyen envíos gratis<\/p>"}},"column_HhAi8K":{"type":"column","settings":{"icon":"check_circle","filled_icon":false,"title":"Respaldo","text":"<p>Todos nuestros productos cuentan con 30 dias de garantía  <\/p><p><\/p>"}},"column_PdgT9R":{"type":"column","settings":{"icon":"Verified User","filled_icon":false,"title":"Garantía de devolución de dinero","text":"<p>Garantía de devolución de dinero 100% libre de riesgos<\/p><p><\/p>"}},"column_JAmyBM":{"type":"column","settings":{"icon":"Mail","filled_icon":false,"title":"Contactanos","text":"<p><strong>Email: <\/strong>soporte@joselevende.com<br\/><strong>WhatsApp Colombia:<\/strong> +57 314 661 2528<\/p><p><strong>WhatsApp Ecuador:<\/strong>+593 98 717 2857<\/p><p><\/p><p><\/p>"}}},"block_order":["column_cHwdij","column_HhAi8K","column_PdgT9R","column_JAmyBM"],"disabled":true,"settings":{"display_id":false,"visibility":"always-display","title":"","heading_size":"h1","text":"","color_scheme":"background-1","icon_layout":"vertical","icon_size":"medium","icon_color":"accent-1","cards_color_scheme":"background-1","type":"slide","autoplay":false,"autoplay_speed":5,"arrows_color_scheme":"inverse","transparent_arrows":true,"dots_color_scheme":"inverse","desktop_full_page":false,"columns_desktop":4,"slider_desktop":false,"per_move_desktop":1,"desktop_spacing":40,"desktop_side_padding":0,"desktop_padding_calc":true,"desktop_adaptive_height":false,"desktop_dots_position":"under","desktop_arrows_position":"sides","columns_mobile":"1","slider_mobile":true,"enable_mobile_preview":false,"mobile_adaptive_height":false,"mobile_dots_position":"under","mobile_arrows_position":"under","padding_top":36,"padding_bottom":36}},"421b5ad9-18b2-4b2a-8205-8700f2cd0d94":{"type":"section-divider","settings":{"shape":"waves_3","flip_horizontal":false,"flip_vertical":false,"shape_color":"accent-1","background_color":"background-1","padding_top":0,"padding_bottom":0}},"collapsible_content_aieFik":{"type":"collapsible-content","blocks":{"collapsible_row_XLamCP":{"type":"collapsible_row","settings":{"heading":"¿En cuanto llega mi pedido?","icon":"check_box","filled_icon":false,"row_content":"<p>Manejamos envíos gratis y pago contra entrega a todo el país. El tiempo de entrega es de 3 a 4 Días Hábiles.<\/p><p>Recuerda tener el dinero completo en EFECTIVO en el momento de la entrega, para que no tengas novedades con la recepción de tu pedido.<\/p>","page":""}},"collapsible_row_qpBegR":{"type":"collapsible_row","disabled":true,"settings":{"heading":"¿Que garantias tienen los productos?","icon":"check_box","filled_icon":false,"row_content":"<p>Hacemos devolución de dinero de pedidos 5 días de recibido tu compra y manejamos garantía de 30 días por defectos de fabrica por cualquier producto de nuestra tienda .<\/p>","page":""}},"collapsible_row_nUWkmB":{"type":"collapsible_row","settings":{"heading":"¿Donde me puedo contactar?","icon":"check_box","filled_icon":false,"row_content":"<h2>Central de atención al cliente<\/h2><p><strong>Email: <\/strong>onecommerce92@gmail.com<br\/><strong>WhatsApp Colombia:<\/strong> +57 324 6351943<\/p>","page":""}},"collapsible_row_XQEU8c":{"type":"collapsible_row","settings":{"heading":"¿Que pasa si no me funciona el producto?","icon":"check_box","filled_icon":false,"row_content":"<p>Ofrecemos una garantía de devolución del producto de 5 días, si no es lo que esperabas.<\/p>","page":""}}},"block_order":["collapsible_row_XLamCP","collapsible_row_qpBegR","collapsible_row_nUWkmB","collapsible_row_XQEU8c"],"settings":{"display_id":false,"visibility":"always-display","caption":"¿Necesitas ayuda?","heading":"Preguntas frecuentes","heading_size":"h1","heading_alignment":"center","layout":"none","color_scheme":"background-1","container_color_scheme":"background-2","open_first_collapsible_row":false,"image_ratio":"adapt","desktop_layout":"image_second","row_heading_size":"medium","collapse_icon":"carret","display_top_border":true,"padding_top":36,"padding_bottom":36}}},"order":["main","related-products","8beb6911-28c6-482c-976a-e5421ad3e8df","4fc05ee5-1c30-4863-b88f-81cb6fa7c41a","eba88da5-80ac-47fc-aa75-997cfe7b2e59","55bd100e-3bbd-426c-a5cf-eed7b2a3706f","icon_bar_LiJcnD","421b5ad9-18b2-4b2a-8205-8700f2cd0d94","collapsible_content_aieFik"]}