{"sections":{"main":{"type":"main-product","blocks":{"urgency_Vihcwj":{"type":"urgency","disabled":true,"settings":{"urgency":"HOT PRODUCT | LOW STOCK","color_scheme":"accent-1","margin_top":0,"margin_bottom":15}},"title":{"type":"title","settings":{"text_size":"h2","title_alignment":"left","uppercase_title":false,"margin_top":0,"margin_bottom":0}},"a6eb81db-40e4-43e0-972f-32db010a4a56":{"type":"rating_stars","disabled":true,"settings":{"rating":4.6,"star_color":"#ffcc00","bg_stars_style":"full","bg_star_color":"#ececec","label":"(1696 Reviews)","size":16,"alignment":"flex-start","scroll_id":"","margin_top":0,"margin_bottom":9}},"price":{"type":"price","settings":{"layout":"price_first","price_color":"accent-1","compare_price_color":"text","hide_sale_badge":false,"margin_top":9,"margin_bottom":15}},"custom_liquid_yyQn3a":{"type":"custom_liquid","settings":{"custom_liquid":"<h4>¿Necesitas una solución adhesiva rápida y efectiva para tu hogar?<\/h4>\n<p>TAPER® ofrece una solucion adhesiva instantánea y fácil para cualquier superficie.<\/p>"}},"5fcc0428-e768-4cb7-bea3-eb0274198dd1":{"type":"variant_picker","settings":{"picker_types":"pills, pills, pills","custom_labels":"","swatches_size":"medium","swatches_custom_colors":"disabled","swatches_custom_colors_list":"#000000, #FFFFFF","full_width_dropdowns":false,"breaks_style":"normal","breaks_headline":"BUNDLE & SAVE","breaks_color_scheme":"accent-1","breaks_badges":"[empty], Most popular, [empty]","breaks_displayed_images":"variant_images","breaks_custom_images":"","breaks_image_width":70,"breaks_space_images":true,"breaks_labels":"[name], [name], [name]","breaks_benefits":"[empty], Free Shipping, Free Shipping","breaks_captions":"Variant 1 caption, Variant 2 caption, Variant 3 caption","breaks_price_texts":"[price], [price], [price]","breaks_compare_price_texts":"[compare_price], [compare_price], [compare_price]","margin_top":15,"margin_bottom":15}},"text_EmACyr":{"type":"text","disabled":true,"settings":{"mobile_text_size":14,"desktop_text_size":16,"alignment":"left","text_color":"#121212","text_1":"<strong>Envio Gratis <\/strong>","text_2":"<strong>100% Politica devolucion de dinero<\/strong>","text_3":"<strong>Garantia de 30 dias<\/strong>","icon_scale":195,"icon_color":"#121212","icon_1":"local_shipping","filled_icon_1":true,"icon_2":"currency_exchange","filled_icon_2":true,"icon_3":"verified_user","filled_icon_3":true,"width":"fit-content","direction":"vertical","column_gap":4,"enable_bg":false,"bg_color":"#f3f3f3","corner_radius":60,"padding":3,"border_size":0,"border_color":"#b7b7b7","margin_top":18,"margin_bottom":18}},"emoji_benefits_UeR7Tw":{"type":"emoji_benefits","settings":{"benefits":"<p>💪 Adhesivo súper fuerte: asegura todo firmemente.<\/p><p>✂️ Fácil de cortar al tamaño deseado.<\/p><p>🔄 Removible sin dañar superficies.<\/p><p>🧾 Versátil: Ideal para múltiples aplicaciones.<\/p><p>🏠 Seguro para usar en el hogar.<\/p>","margin_top":15,"margin_bottom":15}},"04ba004e-2f54-4936-8b1c-8bcadf6573f6":{"type":"quantity_selector","disabled":true,"settings":{"enable_quantity_discounts":true,"style":"normal","headline":"Lleva mas y ahorra","preselected":"option_1","enable_variant_selectors":true,"enable_variant_selectors_on_quantity_of_1":false,"hide_pickers_overlay":true,"image_width":80,"space_images":true,"color_scheme":"accent-1","option_1_quantity":1,"option_1_badge":"","option_1_label":"Lleva 1 unidad","option_1_benefit":"","option_1_caption":"Ahorras [amount_saved]","option_1_percentage_off":"0","option_1_fixed_amount_off":"0","option_1_price_text":"[price]","option_1_compare_price":"compare_price","option_1_compare_price_text":"[compare_price]","option_2_quantity":2,"option_2_badge":"Mejor opción","option_2_label":"Lleva 2 unidades","option_2_benefit":"","option_2_caption":"Ahorras [amount_saved]","option_2_percentage_off":"23","option_2_fixed_amount_off":"0","option_2_price_text":"[price]","option_2_compare_price":"compare_price","option_2_compare_price_text":"[compare_price]","option_3_quantity":3,"option_3_badge":"","option_3_label":"Lleva 3 unidades","option_3_benefit":"","option_3_caption":"Ahorras [amount_saved]","option_3_percentage_off":"32","option_3_fixed_amount_off":"0","option_3_price_text":"[price]","option_3_compare_price":"compare_price","option_3_compare_price_text":"[compare_price]","option_4_quantity":0,"option_4_badge":"","option_4_label":"Buy [quantity]","option_4_benefit":"","option_4_caption":"You save [amount_saved]","option_4_percentage_off":"0","option_4_fixed_amount_off":"0","option_4_price_text":"[price]","option_4_compare_price":"compare_price","option_4_compare_price_text":"[compare_price]","margin_top":15,"margin_bottom":15}},"buy_buttons":{"type":"buy_buttons","settings":{"show_dynamic_checkout":true,"skip_cart":false,"uppercase_text":true,"display_price":false,"enable_custom_color":false,"custom_color":"#53af01","margin_top":24,"margin_bottom":24}},"c43b9f54-e00a-4f9e-b42c-2914dde008a8":{"type":"reviews","settings":{"display_stars":true,"star_color":"#ffcc00","avatar_alignment":"top","author_1":"<em>Victor Z.<\/em>","text_1":"<p>TAPER® La mejor cinta adhesiva que he usado. Su sujeción es increíble.<\/p>","image_1":"shopify:\/\/shop_images\/ezgif-6-b8dec2fabc.webp","author_2":"<em>Sara G.<\/em>","text_2":"<p>Me ayudó a asegurar mis tapetes de manera efectiva y sin complicaciones.<\/p>","image_2":"shopify:\/\/shop_images\/ezgif-2-4ad5fb9aaa.jpg","author_3":"<em>Fabio B.<\/em>","text_3":"<p>Se adhiere a cualquier superficie sin problemas. Súper recomendada la cinta TAPER®.<\/p>","image_3":"shopify:\/\/shop_images\/ezgif-4-f45e7c9585.jpg","margin_top":24,"margin_bottom":24}},"e0a0b690-50df-4ca4-acfd-ce2980696cce":{"type":"shipping_checkpoints","disabled":true,"settings":{"icon_1":"add_shopping_cart","filled_icon_1":false,"top_text_1":"<strong>[start_date]<\/strong>","bottom_text_1":"Ordered","min_days_1":0,"max_days_1":0,"icon_2":"local_shipping","filled_icon_2":false,"top_text_2":"<strong>[start_date] - [end_date]<\/strong>","bottom_text_2":"Order Ready","min_days_2":1,"max_days_2":2,"icon_3":"redeem","filled_icon_3":false,"top_text_3":"<strong>[start_date] - [end_date]<\/strong>","bottom_text_3":"Delivered","min_days_3":10,"max_days_3":12,"icon_4":"","filled_icon_4":false,"top_text_4":"","bottom_text_4":"","date_format":"mm_dd","days_labels":"Mon, Tue, Wed, Thu, Fri, Sat, Sun","months_labels":"Jan, Feb, Mar, Apr, May, Jun, Jul, Aug, Sep, Oct, Nov, Dec","color_scheme":"inverse","margin_top":24,"margin_bottom":24}},"e7a28cbe-03cb-4c9d-a2c4-0e3e76ffb3e5":{"type":"sticky_atc","disabled":true,"settings":{"function":"add_to_cart","display_when":"always","button_label":"Agregar al carrito","color_scheme":"background-1","star_color":"#ffcc00","stars_label":"(xxxx Reviews)","desktop_show_image":true,"desktop_show_title":true,"desktop_rating_stars":false,"desktop_show_price":false,"desktop_show_sale_badge":false,"desktop_variant_picker":false,"desktop_full_button_width":false,"desktop_show_price_in_button":false,"desktop_transparent_bg":false,"mobile_show_image":false,"mobile_show_title":true,"mobile_rating_stars":false,"mobile_show_price":false,"mobile_show_sale_badge":false,"mobile_variant_picker":false,"mobile_full_button_width":false,"mobile_show_price_in_button":false,"mobile_transparent_bg":false}},"payment_badges_AWtztk":{"type":"payment_badges","disabled":true,"settings":{"enabled_payment_types":"american_express, apple_pay, diners_club, master, paypal, visa","margin_top":15,"margin_bottom":15}},"collapsible_tab_imFqXU":{"type":"collapsible_tab","settings":{"heading":"¿Que incluye?","heading_size":"small","icon":"package_2","filled_icon":false,"collapse_icon":"carret","display_top_border":true,"content":"<p><strong>Cinta Doble Faz TAPER®<\/strong>: Malla de tela extrafuerte con adhesivo de grado industrial. 20 metros de largo y ancho a su elección, tenemos disponible de ancho 2.5 cm y 5 cm.<\/p><p><strong>Producto digital gratuito: <\/strong>obtenga acceso exclusivo a nuestro folleto digital \"Reparaciones de hogar\" que ofrece consejos de expertos y formas adicionales para maximizar los resultados<\/p>","page":"","margin_top":24,"margin_bottom":0}},"collapsible_tab_rUKLmF":{"type":"collapsible_tab","settings":{"heading":"¿Como utilizar?","heading_size":"small","icon":"check_box","filled_icon":false,"collapse_icon":"carret","display_top_border":true,"content":"<ol><li><strong>Limpie el área de la superficie <\/strong>para quitar polvo y desechos.<\/li><li><strong>Corte la cinta<\/strong> al largo deseado con unas tijeras.<\/li><li><strong>Retire <\/strong>el papel de respaldo.<\/li><li><strong>Aplique la cinta<\/strong> a una superficie y presione firmemente.<\/li><li><strong>Coloque y presione<\/strong> la segunda superficie para asegurar la unión.<\/li><\/ol>","page":"","margin_top":0,"margin_bottom":0}},"collapsible_tab_D8QhaW":{"type":"collapsible_tab","settings":{"heading":"Información de envió","heading_size":"small","icon":"local_shipping","filled_icon":false,"collapse_icon":"carret","display_top_border":true,"content":"<p>Manejamos envíos gratis con servicio pago contra entrega a todo el país nuestro tiempo de entrega es de 2 a 4 Días Hábiles  recuerda tener el dinero completo en EFECTIVO en el momento de la entrega Para que no tengas novedades con la recepción de tu pedido.<\/p>","page":"","margin_top":0,"margin_bottom":0}},"collapsible_tab_NpQqKE":{"type":"collapsible_tab","settings":{"heading":"Devoluciones y reembolsos","heading_size":"small","icon":"keyboard_return","filled_icon":false,"collapse_icon":"carret","display_top_border":true,"content":"<p>Hacemos devolución de dinero de pedidos 5 días de recibido tu compra y manejamos garantía de 30 días por defectos de fabrica por cualquier producto de nuestra tienda .<\/p>","page":"","margin_top":0,"margin_bottom":0}},"description":{"type":"description","disabled":true,"settings":{"margin_top":24,"margin_bottom":24}},"de158e68-5d0d-4819-a625-e2dabdff87d1":{"type":"collapsible_tab","disabled":true,"settings":{"heading":"More info","heading_size":"medium","icon":"check_box","filled_icon":false,"collapse_icon":"carret","display_top_border":true,"content":"","page":"","margin_top":24,"margin_bottom":0}}},"block_order":["urgency_Vihcwj","title","a6eb81db-40e4-43e0-972f-32db010a4a56","price","custom_liquid_yyQn3a","5fcc0428-e768-4cb7-bea3-eb0274198dd1","text_EmACyr","emoji_benefits_UeR7Tw","04ba004e-2f54-4936-8b1c-8bcadf6573f6","buy_buttons","c43b9f54-e00a-4f9e-b42c-2914dde008a8","e0a0b690-50df-4ca4-acfd-ce2980696cce","e7a28cbe-03cb-4c9d-a2c4-0e3e76ffb3e5","payment_badges_AWtztk","collapsible_tab_imFqXU","collapsible_tab_rUKLmF","collapsible_tab_D8QhaW","collapsible_tab_NpQqKE","description","de158e68-5d0d-4819-a625-e2dabdff87d1"],"custom_css":[],"settings":{"enable_sticky_info":true,"display_variant_image_first":false,"media_size":"medium","constrain_to_viewport":true,"media_fit":"contain","gallery_layout":"thumbnail_slider","media_position":"left","image_zoom":"none","hide_variants":false,"enable_video_looping":false,"desktop_thumbnails_count":5,"mobile_thumbnails":"hide","mobile_media_corner_radius":0,"mobile_spacing":false,"mobile_preview_media":false,"mobile_thumbnails_count":5,"mobile_pagination":"dots_overlay","hide_arrows":true,"dots_color_scheme":"inverse","trust_badge_position":"top-right","trust_badge_size":"medium","mobile_padding_top":0,"mobile_padding_bottom":16,"desktop_padding_top":36,"desktop_padding_bottom":36}},"image_with_text_yrKpTh":{"type":"image-with-text","blocks":{"heading_Qt93rF":{"type":"heading","settings":{"heading":"¿Cansado de ver tus manualidades desarmarse o tus decoraciones caerse?","heading_size":"h2"}},"text_Eyia9U":{"type":"text","settings":{"text":"<p>No eres el único. Muchos pasan horas trabajando en proyectos que se desmoronan poco después debido a adhesivos insuficientes. es frustrante, y ademas también puede dañar tus materiales. Es extremadamente difícil encontrar una solución versátil que garantice una unión adhesiva duradera sin complicaciones.<\/p>","text_style":"body"}},"button_CEBzXm":{"type":"button","disabled":true,"settings":{"button_label":"Button label","button_link":""}}},"block_order":["heading_Qt93rF","text_Eyia9U","button_CEBzXm"],"settings":{"display_id":false,"visibility":"always-display","image":"shopify:\/\/shop_images\/ezgif-5-aa5c46ba83.webp","height":"adapt","content_layout":"no-overlap","color_scheme":"background-1","section_color_scheme":"background-1","desktop_image_width":"medium","layout":"image_first","desktop_content_position":"top","desktop_content_alignment":"left","mobile_full_media_width":false,"mobile_content_alignment":"left","padding_top":36,"padding_bottom":36}},"image_with_text_yFh4U8":{"type":"image-with-text","blocks":{"heading_jhHYwa":{"type":"heading","settings":{"heading":"TAPER®: La Última Cinta Doble Faz con adhesión Segura y Sin Complicaciones","heading_size":"h2"}},"text_jPm6FJ":{"type":"text","settings":{"text":"<p>Transforma tus proyectos en el hogar con la solución adhesiva más fuerte del mercado TAPER®. ofrece una fuerza y versatilidad inigualables, adhiriéndose a telas, madera, plástico y más. Es fácil de usar, se corta con tijeras y se remueve limpiamente.<\/p>","text_style":"body"}},"button_VcDfwU":{"type":"button","disabled":true,"settings":{"button_label":"Button label","button_link":""}}},"block_order":["heading_jhHYwa","text_jPm6FJ","button_VcDfwU"],"settings":{"display_id":false,"visibility":"always-display","image":"shopify:\/\/shop_images\/ezgif-5-99dd1b422c.webp","height":"adapt","content_layout":"no-overlap","color_scheme":"background-1","section_color_scheme":"background-1","desktop_image_width":"medium","layout":"image_first","desktop_content_position":"top","desktop_content_alignment":"left","mobile_full_media_width":false,"mobile_content_alignment":"left","padding_top":36,"padding_bottom":36}},"comparison_slider_6ahFKE":{"type":"comparison-slider","disabled":true,"settings":{"display_id":false,"visibility":"always-display","title":"Beneficios Clave de FLEXCARE®","heading_size":"h2","text":"","button_label":"","link":"","button_style_secondary":false,"atc_button_label":"","atc_product":"","color_scheme":"background-1","layout":"slider_second","before_label":"Antes","after_label":"Despues","labels_color_scheme":"accent-1","line_color":"background-1","arrows_style":"classic","before_image":"shopify:\/\/shop_images\/Diseno_sin_titulo_4.jpg","after_image":"shopify:\/\/shop_images\/Diseno_sin_titulo_5.jpg","padding_top":36,"padding_bottom":36}},"image_with_text_33F37R":{"type":"image-with-text","blocks":{"heading_xDrt7a":{"type":"heading","settings":{"heading":"No solo es para paredes…","heading_size":"h2"}},"text_FeQ6pH":{"type":"text","settings":{"text":"<ul><li><strong>Proyectos de Manualidades<\/strong>: Garantiza una adhesión segura y sin complicaciones en todos los proyectos de bricolaje.<\/li><li><strong>Reparaciones Automotrices<\/strong>: Mantiene las alfombrillas y otros accesorios de coche firmemente en su lugar.<\/li><li><strong>Decoración del Hogar<\/strong>: Asegura decoraciones del hogar como espejos y marcos sin dañarlos.<\/li><li><strong>Arreglos Temporales<\/strong>: Ideal para reparaciones temporales en el hogar.<\/li><\/ul>","text_style":"body"}}},"block_order":["heading_xDrt7a","text_FeQ6pH"],"settings":{"display_id":false,"visibility":"always-display","image":"shopify:\/\/shop_images\/ezgif-3-ae7489623e.webp","height":"adapt","content_layout":"no-overlap","color_scheme":"background-1","section_color_scheme":"background-1","desktop_image_width":"medium","layout":"image_first","desktop_content_position":"top","desktop_content_alignment":"left","mobile_full_media_width":false,"mobile_content_alignment":"left","padding_top":36,"padding_bottom":36}},"comparison_table_n3aWPf":{"type":"comparison-table","blocks":{"row_ycNEAa":{"type":"row","settings":{"benefit":"Ultra delgada","us":true,"others":false}},"row_6yQGYd":{"type":"row","settings":{"benefit":"Adhesión","us":true,"others":true}},"row_akzzYF":{"type":"row","settings":{"benefit":"Removible sin daños","us":true,"others":false}},"row_rt8pdG":{"type":"row","settings":{"benefit":"Facilidad de uso","us":true,"others":false}},"row_cffymf":{"type":"row","settings":{"benefit":"Prueba sin riesgo","us":true,"others":false}}},"block_order":["row_ycNEAa","row_6yQGYd","row_akzzYF","row_rt8pdG","row_cffymf"],"settings":{"display_id":false,"visibility":"always-display","title":"¿Porque la cinta TAPER® resalta sobre los demas?","heading_size":"h2","text":"","button_label":"","link":"","button_style_secondary":false,"atc_button_label":"","atc_product":"","color_scheme":"background-1","layout":"table_second","style":"classic","logo":"shopify:\/\/shop_images\/Capturadepantalla2024-06-12111433.jpg","logo_width":90,"mobile_logo_width":60,"us_label":"[shop_name]","us_label_size":18,"others_label":"Otros","others_label_size":18,"checkmark_style":"regular","checkmark_color":"#53af01","checkmark_bg_color":"#53af01","x_style":"regular","x_color":"#121212","x_bg_color":"#dbdbdb","opposite_icon_colors":"original","highlighted_color_scheme":"accent-1","highlighted_separator_opacity":0,"highlighted_overlay_opacity":0,"other_cells_color_scheme":"background-1","regular_separator_opacity":10,"regular_overlay_opacity":0,"minimalistic_border_opacity":16,"padding_top":36,"padding_bottom":36}},"results_qJqGKD":{"type":"results","blocks":{"row_3LtYzT":{"type":"row","settings":{"percentage":98,"row_text":"<p><strong>de los usuarios reportan<\/strong> mayor soporte y adhesion con TAPER®.<\/p>"}},"row_xPh4Hr":{"type":"row","settings":{"percentage":90,"row_text":"<p>de los clientes encuentran fácil de usar <strong>para varios proyectos de bricolaje.<\/strong><\/p>"}},"row_zMDyEL":{"type":"row","settings":{"percentage":85,"row_text":"<p><strong>de satisfacción<\/strong> en asegurar espejos y marcos.<\/p>"}},"row_bAYJ6X":{"type":"row","settings":{"percentage":80,"row_text":"<p><strong>reportan <\/strong>que no deja residuos al retirar.<\/p>"}},"row_tAJcjL":{"type":"row","settings":{"percentage":75,"row_text":"<p>prefieren <strong>TAPER®<\/strong> sobre otras soluciones adhesivas.<\/p>"}}},"block_order":["row_3LtYzT","row_xPh4Hr","row_zMDyEL","row_bAYJ6X","row_tAJcjL"],"settings":{"display_id":false,"visibility":"always-display","title":"","heading_size":"h1","text":"","color_scheme":"background-1","layout":"results_second","results_headline":"Resultados comprobados con  la cinta TAPER®","results_headline_size":"h3","results_headline_alignment":"left","caption":"<p>Resultados de la encuesta.<\/p>","button_label":"","link":"","button_style_secondary":false,"atc_button_label":"","atc_product":"","padding_top":36,"padding_bottom":36}},"image_with_text_96EWm9":{"type":"image-with-text","blocks":{"heading_HwEpxH":{"type":"heading","settings":{"heading":"Aprovecha al Máximo la cinta TAPER® con Nuestra Guía Gratuita","heading_size":"h2"}},"text_hXqjm6":{"type":"text","settings":{"text":"<p>Junto con tu compra de la cinta TAPER® recibe, nuestra guia digital exclusiva. “Reparaciones de hogar: La Guía Completa para Mantener Tu hogar en regla”, valorada en <strong>$60.000 Pesos<\/strong>, totalmente gratuita.Esta guía ofrece instrucciones paso a paso, consejos y trucos para asegurar el mejor uso de tu cinta adhesiva para reparaciones del hogar, maximizando eficiencia y resultados. La mejor oferta es obtener el producto físico junto con la guía gratuita.<\/p>","text_style":"body"}},"button_3M8iHV":{"type":"button","disabled":true,"settings":{"button_label":"Button label","button_link":""}}},"block_order":["heading_HwEpxH","text_hXqjm6","button_3M8iHV"],"settings":{"display_id":false,"visibility":"always-display","image":"shopify:\/\/shop_images\/ezgif-5-99b164fcac.jpg","height":"adapt","content_layout":"no-overlap","color_scheme":"background-1","section_color_scheme":"background-1","desktop_image_width":"medium","layout":"image_first","desktop_content_position":"top","desktop_content_alignment":"left","mobile_full_media_width":false,"mobile_content_alignment":"left","padding_top":36,"padding_bottom":36}},"related-products":{"type":"related-products","disabled":true,"settings":{"display_id":false,"heading":"You may also like","heading_size":"h2","products_to_show":4,"columns_desktop":4,"color_scheme":"background-1","image_ratio":"adapt","show_secondary_image":false,"show_vendor":false,"show_rating":false,"columns_mobile":"2","padding_top":36,"padding_bottom":24}},"8beb6911-28c6-482c-976a-e5421ad3e8df":{"type":"custom-columns","blocks":{"template--21507361800487__8beb6911-28c6-482c-976a-e5421ad3e8df-heading-1":{"type":"heading","settings":{"column":"col_1","visibility":"always-display","heading":"Custom columns","heading_size":"h1","alignment":"center","mobile_alignment":"mobile-center","margin_top":20,"margin_bottom":20}},"template--21507361800487__8beb6911-28c6-482c-976a-e5421ad3e8df-richtext-1":{"type":"richtext","settings":{"column":"col_1","visibility":"always-display","text":"<p>Use the flexible grid system to create any layout. Each block can be placed in any of the columns.<\/p>","text_style":"body","alignment":"center","mobile_alignment":"mobile-center","margin_top":20,"margin_bottom":20}},"template--21507361800487__8beb6911-28c6-482c-976a-e5421ad3e8df-icon_with_text-1":{"type":"icon_with_text","settings":{"column":"col_2","visibility":"always-display","icon":"check_circle","filled_icon":false,"icon_size":"m","icon_position":"next-to-title","icon_color":"accent-1","icon_heading_size":"h3","icon_text_alignment":"left","title":"Icon with text","text":"<p>Pair text with an icon to focus on your chosen product, collection, or blog post<\/p>","margin_top":20,"margin_bottom":30}},"template--21507361800487__8beb6911-28c6-482c-976a-e5421ad3e8df-icon_with_text-2":{"type":"icon_with_text","settings":{"column":"col_2","visibility":"always-display","icon":"check_circle","filled_icon":false,"icon_size":"m","icon_position":"next-to-title","icon_color":"accent-1","icon_heading_size":"h3","icon_text_alignment":"left","title":"Icon with text","text":"<p>Pair text with an icon to focus on your chosen product, collection, or blog post<\/p>","margin_top":20,"margin_bottom":20}},"template--21507361800487__8beb6911-28c6-482c-976a-e5421ad3e8df-image-1":{"type":"image","settings":{"column":"col_3","visibility":"always-display","width":100,"alignment":"center","mobile_alignment":"center","border_radius":0,"margin_top":20,"margin_bottom":20}},"template--21507361800487__8beb6911-28c6-482c-976a-e5421ad3e8df-icon_with_text-3":{"type":"icon_with_text","settings":{"column":"col_4","visibility":"always-display","icon":"check_circle","filled_icon":false,"icon_size":"m","icon_position":"next-to-title","icon_color":"accent-1","icon_heading_size":"h3","icon_text_alignment":"left","title":"Icon with text","text":"<p>Pair text with an icon to focus on your chosen product, collection, or blog post<\/p>","margin_top":20,"margin_bottom":30}},"template--21507361800487__8beb6911-28c6-482c-976a-e5421ad3e8df-icon_with_text-4":{"type":"icon_with_text","settings":{"column":"col_4","visibility":"always-display","icon":"check_circle","filled_icon":false,"icon_size":"m","icon_position":"next-to-title","icon_color":"accent-1","icon_heading_size":"h3","icon_text_alignment":"left","title":"Icon with text","text":"<p>Pair text with an icon to focus on your chosen product, collection, or blog post<\/p>","margin_top":20,"margin_bottom":20}}},"block_order":["template--21507361800487__8beb6911-28c6-482c-976a-e5421ad3e8df-heading-1","template--21507361800487__8beb6911-28c6-482c-976a-e5421ad3e8df-richtext-1","template--21507361800487__8beb6911-28c6-482c-976a-e5421ad3e8df-icon_with_text-1","template--21507361800487__8beb6911-28c6-482c-976a-e5421ad3e8df-icon_with_text-2","template--21507361800487__8beb6911-28c6-482c-976a-e5421ad3e8df-image-1","template--21507361800487__8beb6911-28c6-482c-976a-e5421ad3e8df-icon_with_text-3","template--21507361800487__8beb6911-28c6-482c-976a-e5421ad3e8df-icon_with_text-4"],"disabled":true,"settings":{"display_id":false,"visibility":"always-display","color_scheme":"background-1","columns_count":4,"column_gap_desktop":40,"row_gap_desktop":40,"desktop_vertical_alignment":"center","column_gap_mobile":20,"row_gap_mobile":30,"mobile_vertical_alignment":"flex-start","col_1_desktop_width":12,"col_1_mobile_width":4,"col_1_visibility":"always-display","col_2_desktop_width":4,"col_2_mobile_width":4,"col_2_visibility":"always-display","col_3_desktop_width":4,"col_3_mobile_width":4,"col_3_visibility":"always-display","col_4_desktop_width":4,"col_4_mobile_width":4,"col_4_visibility":"always-display","col_5_desktop_width":3,"col_5_mobile_width":4,"col_5_visibility":"always-display","col_6_desktop_width":3,"col_6_mobile_width":4,"col_6_visibility":"always-display","padding_top":36,"padding_bottom":36}},"4fc05ee5-1c30-4863-b88f-81cb6fa7c41a":{"type":"icons-with-content","blocks":{"template--21507361800487__4fc05ee5-1c30-4863-b88f-81cb6fa7c41a-icon-1":{"type":"icon","settings":{"icon":"check_circle","filled_icon":false,"title":"Icon with text","text":"<p>Pair text with an icon to focus on your chosen product, collection, or blog post<\/p>"}},"template--21507361800487__4fc05ee5-1c30-4863-b88f-81cb6fa7c41a-icon-2":{"type":"icon","settings":{"icon":"check_circle","filled_icon":false,"title":"Icon with text","text":"<p>Pair text with an icon to focus on your chosen product, collection, or blog post<\/p>"}},"template--21507361800487__4fc05ee5-1c30-4863-b88f-81cb6fa7c41a-icon-3":{"type":"icon","settings":{"icon":"check_circle","filled_icon":false,"title":"Icon with text","text":"<p>Pair text with an icon to focus on your chosen product, collection, or blog post<\/p>"}},"template--21507361800487__4fc05ee5-1c30-4863-b88f-81cb6fa7c41a-heading-1":{"type":"heading","settings":{"heading":"Content heading","heading_size":"h1"}},"template--21507361800487__4fc05ee5-1c30-4863-b88f-81cb6fa7c41a-text-1":{"type":"text","settings":{"text":"<p>Pair icons with content to focus on your chosen product, collection, or blog post. Add details on availability, style, or even provide a review.<\/p>","text_style":"body"}},"template--21507361800487__4fc05ee5-1c30-4863-b88f-81cb6fa7c41a-button-1":{"type":"button","settings":{"button_label":"Button label","button_link":""}}},"block_order":["template--21507361800487__4fc05ee5-1c30-4863-b88f-81cb6fa7c41a-icon-1","template--21507361800487__4fc05ee5-1c30-4863-b88f-81cb6fa7c41a-icon-2","template--21507361800487__4fc05ee5-1c30-4863-b88f-81cb6fa7c41a-icon-3","template--21507361800487__4fc05ee5-1c30-4863-b88f-81cb6fa7c41a-heading-1","template--21507361800487__4fc05ee5-1c30-4863-b88f-81cb6fa7c41a-text-1","template--21507361800487__4fc05ee5-1c30-4863-b88f-81cb6fa7c41a-button-1"],"disabled":true,"settings":{"display_id":false,"visibility":"always-display","color_scheme":"background-1","icon_size":"m","icon_position":"next-to-title","icon_color":"accent-1","icon_heading_size":"h3","icon_text_alignment":"left","icons_desktop_layout":"1-column","icons_mobile_layout":"1-column","desktop_content_alignment":"left","layout":"image_first","mobile_layout":"text_first","hide_content_on_mobile":false,"padding_top":36,"padding_bottom":36}},"eba88da5-80ac-47fc-aa75-997cfe7b2e59":{"type":"image-slider","blocks":{"template--21507361800487__eba88da5-80ac-47fc-aa75-997cfe7b2e59-image_slide-1":{"type":"image_slide","settings":{"description":"","desc_alignment":"center","desc_color_scheme":"background-2"}},"template--21507361800487__eba88da5-80ac-47fc-aa75-997cfe7b2e59-image_slide-2":{"type":"image_slide","settings":{"description":"","desc_alignment":"center","desc_color_scheme":"background-2"}},"template--21507361800487__eba88da5-80ac-47fc-aa75-997cfe7b2e59-image_slide-3":{"type":"image_slide","settings":{"description":"","desc_alignment":"center","desc_color_scheme":"background-2"}},"template--21507361800487__eba88da5-80ac-47fc-aa75-997cfe7b2e59-image_slide-4":{"type":"image_slide","settings":{"description":"","desc_alignment":"center","desc_color_scheme":"background-2"}}},"block_order":["template--21507361800487__eba88da5-80ac-47fc-aa75-997cfe7b2e59-image_slide-1","template--21507361800487__eba88da5-80ac-47fc-aa75-997cfe7b2e59-image_slide-2","template--21507361800487__eba88da5-80ac-47fc-aa75-997cfe7b2e59-image_slide-3","template--21507361800487__eba88da5-80ac-47fc-aa75-997cfe7b2e59-image_slide-4"],"disabled":true,"settings":{"display_id":false,"visibility":"always-display","title":"Image\/Video Slider","heading_size":"h1","color_scheme":"background-1","type":"slide","drag":"enabled","autoplay":false,"autoplay_speed":5,"center_mode":false,"arrows_color_scheme":"inverse","transparent_arrows":false,"dots_color_scheme":"inverse","desktop_full_page":false,"desktop_border_radius":0,"slides_desktop":3,"per_move_desktop":1,"desktop_spacing":28,"desktop_side_padding":0,"desktop_padding_calc":true,"desktop_adaptive_height":false,"desktop_dots_position":"under","desktop_arrows_position":"sides","mobile_full_page":false,"mobile_border_radius":0,"slides_mobile":2,"per_move_mobile":1,"mobile_spacing":12,"mobile_side_padding":0,"mobile_padding_calc":true,"mobile_adaptive_height":false,"mobile_dots_position":"under","mobile_arrows_position":"sides","padding_top":36,"padding_bottom":36}},"55bd100e-3bbd-426c-a5cf-eed7b2a3706f":{"type":"testimonials","blocks":{"template--21507361800487__55bd100e-3bbd-426c-a5cf-eed7b2a3706f-column-1":{"type":"column","settings":{"title":"Heading","text":"<p>Share positive thoughts and feedback from your customer..<\/p>","author":"<em><strong>Author<\/strong><\/em>"}},"template--21507361800487__55bd100e-3bbd-426c-a5cf-eed7b2a3706f-column-2":{"type":"column","settings":{"title":"Heading","text":"<p>Share positive thoughts and feedback from your customer..<\/p>","author":"<em><strong>Author<\/strong><\/em>"}},"template--21507361800487__55bd100e-3bbd-426c-a5cf-eed7b2a3706f-column-3":{"type":"column","settings":{"title":"Heading","text":"<p>Share positive thoughts and feedback from your customer..<\/p>","author":"<em><strong>Author<\/strong><\/em>"}}},"block_order":["template--21507361800487__55bd100e-3bbd-426c-a5cf-eed7b2a3706f-column-1","template--21507361800487__55bd100e-3bbd-426c-a5cf-eed7b2a3706f-column-2","template--21507361800487__55bd100e-3bbd-426c-a5cf-eed7b2a3706f-column-3"],"disabled":true,"settings":{"display_id":false,"visibility":"always-display","title":"Testimonials","heading_size":"h1","text":"","color_scheme":"background-1","style":"cards","image_width":"full","image_ratio":"square","column_alignment":"center","show_stars":true,"stars_color":"#ffd700","show_quotes":true,"quotes_color_scheme":"accent-2","cards_color_scheme":"bg-overlay","type":"slide","autoplay":false,"autoplay_speed":5,"arrows_color_scheme":"inverse","transparent_arrows":true,"dots_color_scheme":"inverse","desktop_full_page":false,"columns_desktop":3,"slider_desktop":false,"per_move_desktop":1,"desktop_spacing":40,"desktop_side_padding":0,"desktop_padding_calc":true,"desktop_adaptive_height":false,"desktop_dots_position":"under","desktop_arrows_position":"sides","slider_mobile":true,"enable_mobile_preview":false,"mobile_adaptive_height":false,"mobile_dots_position":"under","mobile_arrows_position":"under","padding_top":36,"padding_bottom":36}},"icon_bar_LiJcnD":{"type":"icon-bar","blocks":{"column_HhAi8K":{"type":"column","settings":{"icon":"check_circle","filled_icon":false,"title":"RETURN & REFUND POLICY","text":"<p>Flexible Return & Refund Policy<\/p><p><\/p>"}},"column_PdgT9R":{"type":"column","settings":{"icon":"Verified User","filled_icon":false,"title":"MONEY-BACK GUARANTEE","text":"<p>100% Risk Free Money-Back Guarantee<\/p><p><\/p>"}},"column_JAmyBM":{"type":"column","settings":{"icon":"Mail","filled_icon":false,"title":"CONTACT US","text":"<p>Email us at support@homeandme.us<\/p><p>Calls & Whatsapp<br\/> +1 (224) 616-2759<\/p><p><\/p><p><\/p>"}},"column_cHwdij":{"type":"column","settings":{"icon":"Local Shipping","filled_icon":false,"title":"FREE DELIVERY","text":"<p>Free Shipping<\/p>"}}},"block_order":["column_HhAi8K","column_PdgT9R","column_JAmyBM","column_cHwdij"],"disabled":true,"settings":{"display_id":false,"visibility":"always-display","title":"","heading_size":"h1","text":"","color_scheme":"background-1","icon_layout":"vertical","icon_size":"medium","icon_color":"accent-1","cards_color_scheme":"background-1","type":"slide","autoplay":false,"autoplay_speed":5,"arrows_color_scheme":"inverse","transparent_arrows":true,"dots_color_scheme":"inverse","desktop_full_page":false,"columns_desktop":4,"slider_desktop":false,"per_move_desktop":1,"desktop_spacing":40,"desktop_side_padding":0,"desktop_padding_calc":true,"desktop_adaptive_height":false,"desktop_dots_position":"under","desktop_arrows_position":"sides","columns_mobile":"1","slider_mobile":true,"enable_mobile_preview":false,"mobile_adaptive_height":false,"mobile_dots_position":"under","mobile_arrows_position":"under","padding_top":36,"padding_bottom":36}},"collapsible_content_kfmLda":{"type":"collapsible-content","blocks":{"collapsible_row_iwem3H":{"type":"collapsible_row","settings":{"heading":"¿Se puede remover TAPER® sin dejar residuos?","icon":"check_box","filled_icon":false,"row_content":"<p>Sí, TAPER® se puede remover limpiamente de la mayoría de las superficies, aunque algunas pueden necesitar un removedor de adhesivos suave.<\/p>","page":""}},"collapsible_row_U9C4yW":{"type":"collapsible_row","settings":{"heading":"¿Es adecuado TAPER® para objetos pesados?","icon":"check_box","filled_icon":false,"row_content":"<p>TAPER® funciona mejor con objetos livianos a moderadamente pesados. Para objetos extremadamente pesados, puede ser necesario un soporte adicional.<\/p>","page":""}},"collapsible_row_9JPLEh":{"type":"collapsible_row","settings":{"heading":" ¿Se puede reposicionar TAPER® después de la aplicación? ","icon":"check_box","filled_icon":false,"row_content":"<p>TAPER® no es reposicionable, por lo que se requiere una colocación cuidadosa.<\/p>","page":""}},"collapsible_row_Fm7yig":{"type":"collapsible_row","settings":{"heading":"¿A qué superficies se adhiere TAPER®?","icon":"check_box","filled_icon":false,"row_content":"<p>Funciona en diversas superficies como tela, madera, plástico y más.<\/p><p><\/p>","page":""}},"collapsible_row_cUqQwW":{"type":"collapsible_row","settings":{"heading":"¿Cuánto tiempo toma para que TAPER® alcance adhesión completa?","icon":"check_box","filled_icon":false,"row_content":"<ol><li>Aunque proporciona una unión inmediata, la fuerza adhesiva completa generalmente se alcanza en unas pocas horas.<\/li><\/ol>","page":""}}},"block_order":["collapsible_row_iwem3H","collapsible_row_U9C4yW","collapsible_row_9JPLEh","collapsible_row_Fm7yig","collapsible_row_cUqQwW"],"settings":{"display_id":false,"visibility":"always-display","caption":"¿necesitas ayuda?","heading":"Preguntas frecuentes","heading_size":"h1","heading_alignment":"center","layout":"none","color_scheme":"background-1","container_color_scheme":"background-2","open_first_collapsible_row":false,"image_ratio":"adapt","desktop_layout":"image_second","row_heading_size":"medium","collapse_icon":"carret","display_top_border":true,"padding_top":36,"padding_bottom":36}},"171684014547dd4da9":{"type":"apps","blocks":{"trustoo_io_reviews_review_widget_LPKdi8":{"type":"shopify:\/\/apps\/trustoo-io-reviews\/blocks\/review-widget\/c8f15077-6475-4e86-ad06-b66038d5ba2c","settings":{}}},"block_order":["trustoo_io_reviews_review_widget_LPKdi8"],"settings":{"include_margins":true}},"421b5ad9-18b2-4b2a-8205-8700f2cd0d94":{"type":"section-divider","settings":{"shape":"waves_3","flip_horizontal":false,"flip_vertical":false,"shape_color":"accent-1","background_color":"background-1","padding_top":0,"padding_bottom":0}}},"order":["main","image_with_text_yrKpTh","image_with_text_yFh4U8","comparison_slider_6ahFKE","image_with_text_33F37R","comparison_table_n3aWPf","results_qJqGKD","image_with_text_96EWm9","related-products","8beb6911-28c6-482c-976a-e5421ad3e8df","4fc05ee5-1c30-4863-b88f-81cb6fa7c41a","eba88da5-80ac-47fc-aa75-997cfe7b2e59","55bd100e-3bbd-426c-a5cf-eed7b2a3706f","icon_bar_LiJcnD","collapsible_content_kfmLda","171684014547dd4da9","421b5ad9-18b2-4b2a-8205-8700f2cd0d94"]}